

INSERT INTO CELEBRITIES(id, fullname, isdead, birthdate, deathdate, pictureurl, celebrityinfourl) VALUES ('12b3afeb-4ece-4f83-8e81-fb82a8d0b119','Kurt Cobain',true,'1967-02-20','1994-04-05','https://upload.wikimedia.org/wikipedia/commons/thumb/1/19/Nirvana_around_1992.jpg/250px-Nirvana_around_1992.jpg','https://es.wikipedia.org/wiki/Kurt_Cobain');
INSERT INTO CELEBRITIES(id, fullname, isdead, birthdate, deathdate, pictureurl, celebrityinfourl) VALUES ('22b3afeb-4ece-4f83-8e81-fb82a8d0b119','Bruce Lee',true,'1967-02-20','1994-04-05','https://upload.wikimedia.org/wikipedia/commons/thumb/1/19/Nirvana_around_1992.jpg/250px-Nirvana_around_1992.jpg','https://es.wikipedia.org/wiki/Kurt_Cobain');
INSERT INTO CELEBRITIES(id, fullname, isdead, birthdate, deathdate, pictureurl, celebrityinfourl) VALUES ('32b3afeb-4ece-4f83-8e81-fb82a8d0b119','Steven Seagal',false,'1967-02-20','1994-04-05','https://upload.wikimedia.org/wikipedia/commons/thumb/1/19/Nirvana_around_1992.jpg/250px-Nirvana_around_1992.jpg','https://es.wikipedia.org/wiki/Kurt_Cobain');
INSERT INTO CELEBRITIES(id, fullname, isdead, birthdate, deathdate, pictureurl, celebrityinfourl) VALUES ('42b3afeb-4ece-4f83-8e81-fb82a8d0b119','Jackie Chan',false,'1967-02-20','1994-04-05','https://upload.wikimedia.org/wikipedia/commons/thumb/1/19/Nirvana_around_1992.jpg/250px-Nirvana_around_1992.jpg','https://es.wikipedia.org/wiki/Kurt_Cobain');
INSERT INTO CELEBRITIES(id, fullname, isdead, birthdate, deathdate, pictureurl, celebrityinfourl) VALUES ('e2b3afeb-4ece-4f83-8e81-fb82a8d0b119','Fidel Castro',true,'1967-02-20','1994-04-05','https://upload.wikimedia.org/wikipedia/commons/thumb/1/19/Nirvana_around_1992.jpg/250px-Nirvana_around_1992.jpg','https://es.wikipedia.org/wiki/Kurt_Cobain');
INSERT INTO CELEBRITIES(id, fullname, isdead, birthdate, deathdate, pictureurl, celebrityinfourl) VALUES ('4e4afeb-412e-4f83-8e81-fb82a8d0b119','Muamar el Gadafi',true,'1967-02-20','1994-04-05','https://upload.wikimedia.org/wikipedia/commons/thumb/1/19/Nirvana_around_1992.jpg/250px-Nirvana_around_1992.jpg','https://es.wikipedia.org/wiki/Kurt_Cobain');
INSERT INTO CELEBRITIES(id, fullname, isdead, birthdate, deathdate, pictureurl, celebrityinfourl) VALUES ('123aafeb-412e-4f83-8e81-fb82a8deb119','Gene Wilder',true,'1967-02-20','1994-04-05','https://upload.wikimedia.org/wikipedia/commons/thumb/1/19/Nirvana_around_1992.jpg/250px-Nirvana_around_1992.jpg','https://es.wikipedia.org/wiki/Kurt_Cobain');
INSERT INTO CELEBRITIES(id, fullname, isdead, birthdate, deathdate, pictureurl, celebrityinfourl) VALUES ('1eeaafeb-312e-4f83-8e81-fb82a811b119','Elvis Presley',true,'1967-02-20','1994-04-05','https://upload.wikimedia.org/wikipedia/commons/thumb/1/19/Nirvana_around_1992.jpg/250px-Nirvana_around_1992.jpg','https://es.wikipedia.org/wiki/Kurt_Cobain');
INSERT INTO CELEBRITIES(id, fullname, isdead, birthdate, deathdate, pictureurl, celebrityinfourl) VALUES ('112aafeb-312e-4f83-8e81-fb82a8d0e119','Bob Marley',true,'1967-02-20','1994-04-05','https://upload.wikimedia.org/wikipedia/commons/thumb/1/19/Nirvana_around_1992.jpg/250px-Nirvana_around_1992.jpg','https://es.wikipedia.org/wiki/Kurt_Cobain');
INSERT INTO CELEBRITIES(id, fullname, isdead, birthdate, deathdate, pictureurl, celebrityinfourl) VALUES ('ee2aafeb-333e-4f83-8e81-fb82e8d0b119','Adolf Hitler',true,'1967-02-20','1994-04-05','https://upload.wikimedia.org/wikipedia/commons/thumb/1/19/Nirvana_around_1992.jpg/250px-Nirvana_around_1992.jpg','https://es.wikipedia.org/wiki/Kurt_Cobain');
INSERT INTO CELEBRITIES(id, fullname, isdead, birthdate, deathdate, pictureurl, celebrityinfourl) VALUES ('ee2a321a-333e-4f83-8e81-fb82a8e0b119','Muhammad Ali',true,'1967-02-20','1994-04-05','https://upload.wikimedia.org/wikipedia/commons/thumb/1/19/Nirvana_around_1992.jpg/250px-Nirvana_around_1992.jpg','https://es.wikipedia.org/wiki/Kurt_Cobain');
INSERT INTO CELEBRITIES(id, fullname, isdead, birthdate, deathdate, pictureurl, celebrityinfourl) VALUES ('eafa321a-123e-4f83-8e81-fb82a8e0b119','David Bowie',true,'1967-02-20','1994-04-05','https://upload.wikimedia.org/wikipedia/commons/thumb/1/19/Nirvana_around_1992.jpg/250px-Nirvana_around_1992.jpg','https://es.wikipedia.org/wiki/Kurt_Cobain');
INSERT INTO CELEBRITIES(id, fullname, isdead, birthdate, deathdate, pictureurl, celebrityinfourl) VALUES ('bbbb321a-123e-4f83-8e81-fb82a8e0b119','Bettie Page',true,'1967-02-20','1994-04-05','https://upload.wikimedia.org/wikipedia/commons/thumb/1/19/Nirvana_around_1992.jpg/250px-Nirvana_around_1992.jpg','https://es.wikipedia.org/wiki/Kurt_Cobain');


INSERT INTO SCORE(id, fullname, puntuation, date) VALUES ('fb3f13ab-4ece-4f83-8e81-fb82a8e0b119','Equizer33',13.3,'2019-09-01');
INSERT INTO SCORE(id, fullname, puntuation, date) VALUES ('1erf13ab-4ece-4f83-8e81-fb82a8e0b119','Rolam',16.2,'2019-09-01');
INSERT INTO SCORE(id, fullname, puntuation, date) VALUES ('2f3413ab-4ece-4f83-8e81-fb82a8e0b119','Marle',12.8,'2019-09-01');
INSERT INTO SCORE(id, fullname, puntuation, date) VALUES ('1b3f13ab-4ece-4f83-8e81-fb82a8e0b119','Ajksx',17.9,'2019-09-01');
INSERT INTO SCORE(id, fullname, puntuation, date) VALUES ('ae3f1bab-4ece-4f83-8e81-fb82a8e0b119','Pedro',13.2,'2019-09-01');



INSERT INTO STATICTICS(id, timesSuccess, timesFail, timesUnknown) VALUES ('12b3afeb-4ece-4f83-8e81-fb82a8d0b119',23,14,4);
INSERT INTO STATICTICS(id, timesSuccess, timesFail, timesUnknown) VALUES ('22b3afeb-4ece-4f83-8e81-fb82a8d0b119',77,21,876);
INSERT INTO STATICTICS(id, timesSuccess, timesFail, timesUnknown) VALUES ('32b3afeb-4ece-4f83-8e81-fb82a8d0b119', 28,38,4);
INSERT INTO STATICTICS(id, timesSuccess, timesFail, timesUnknown) VALUES ('42b3afeb-4ece-4f83-8e81-fb82a8d0b119', 12,55,6);
INSERT INTO STATICTICS(id, timesSuccess, timesFail, timesUnknown) VALUES ('e2b3afeb-4ece-4f83-8e81-fb82a8d0b119', 54,111,8);
INSERT INTO STATICTICS(id, timesSuccess, timesFail, timesUnknown) VALUES ('4e4afeb-412e-4f83-8e81-fb82a8d0b119', 23,81,38);
INSERT INTO STATICTICS(id, timesSuccess, timesFail, timesUnknown) VALUES ('123aafeb-412e-4f83-8e81-fb82a8deb119', 18,22,48);
INSERT INTO STATICTICS(id, timesSuccess, timesFail, timesUnknown) VALUES ('1eeaafeb-312e-4f83-8e81-fb82a811b119', 2,34,23);
INSERT INTO STATICTICS(id, timesSuccess, timesFail, timesUnknown) VALUES ('112aafeb-312e-4f83-8e81-fb82a8d0e119', 5,15,15);
INSERT INTO STATICTICS(id, timesSuccess, timesFail, timesUnknown) VALUES ('ee2aafeb-333e-4f83-8e81-fb82e8d0b119', 17,87,86);
INSERT INTO STATICTICS(id, timesSuccess, timesFail, timesUnknown) VALUES ('ee2a321a-333e-4f83-8e81-fb82a8e0b119', 28,68,18);
